{

    "grasping":
    {   
        "position": [-0.11809514462947845, 0.009174324572086334, 1.416063499450684],
        "rotation": 270

    }



}